SampleID,populations
PA0007-C,Gambia
PA0011-C,Gambia
PA0012-C,Gambia
PA0015-C,Gambia
PA0016-C,Gambia
PA0017-C,Gambia
PA0018-C,Gambia
PA0020-C,Gambia
PA0022-C,Gambia
PA0029-C,Gambia
PA0032-C,Gambia
PA0034-C,Gambia
PA0035-C,Gambia
PA0036-C,Gambia
PA0037-C,Gambia
PA0038-C,Gambia
PA0040-C_maj,Gambia
PA0041-C_maj,Gambia
PA0042-C,Gambia
PA0044-C_maj,Gambia
PA0045-C,Gambia
PA0046-C,Gambia
PA0047-C,Gambia
PA0049-C,Gambia
PA0050-C,Gambia
PA0057-C,Gambia
PA0065-C,Gambia
PA0067-C,Gambia
PA0068-C,Gambia
PA0069-C_maj,Gambia
PA0071-C,Gambia
PA0073-C,Gambia
PA0074-C,Gambia
PA0075-C,Gambia
PA0078-C_maj,Gambia
PA0081-C,Gambia
PA0087-C,Gambia
PA0091-C,Gambia
PA0092-C_maj,Gambia
PA0093-C,Gambia
PA0098-C_maj,Gambia
PA0099-C,Gambia
PA0100-C,Gambia
PA0101-C,Gambia
PA0102-C,Gambia
PA0104-C,Gambia
PA0134-C_maj,Guinea
PA0137-C_maj,Guinea
PA0140-C_maj,Guinea
PA0144-C,Guinea
PA0149-C,Guinea
PA0151-C,Guinea
PA0152-C,Guinea
PA0157-C_maj,Guinea
PA0158-C,Guinea
PA0159-C_maj,Guinea
PA0161-C,Guinea
PA0165-C_maj,Guinea
PA0167-C_maj,Guinea
PA0168-C,Guinea
PA0169-C,Guinea
PA0172-C_maj,Guinea
PA0173-C_maj,Guinea
PA0176-C,Guinea
PA0180-C,Guinea
PA0182-C_maj,Guinea
PA0183-C,Guinea
PA0184-C_maj,Guinea
PA0186-C_maj,Guinea
PA0187-C_maj,Guinea
PA0189-C_maj,Guinea
PA0190-C_maj,Guinea
PA0195-C,Guinea
PA0197-C,Guinea
PA0200-C_maj,Guinea
PA0201-C,Guinea
PA0202-C_maj,Guinea
PA0203-C,Guinea
PA0204-C,Guinea
PA0205-C_maj,Guinea
PA0207-C_maj,Guinea
PA0208-C_maj,Guinea
PA0211-C_maj,Guinea
PA0213-C_maj,Guinea
PA0215-C_maj,Guinea
PA0219-C,Guinea
PA0221-C,Guinea
PA0223-C_maj,Guinea
PA0225-C,Guinea
PA0229-C_maj,Guinea
PA0232-C,Guinea
PA0237-C_maj,Guinea
PA0245-C,Guinea
PA0254-C,Guinea
PA0256-C_maj,Guinea
PA0260-C_maj,Guinea
PA0261-C,Guinea
PA0262-C,Guinea
PA0270-C,Guinea
PD0459-Cx,Thai
PD0460-C_maj,Thai
PD0461-C,Thai
PD0462-C,Thai
PD0466-C_maj,Thai
PD0467-C,Thai
PD0468-C_maj,Thai
PD0470-C,Thai
PD0471-C,Thai
PD0472-C,Thai
PD0473-C,Thai
PD0474-C,Thai
PD0475-C_maj,Thai
PD0476-C,Thai
PD0477-C,Thai
PD0478-C,Thai
PD0480-C,Thai
PD0481-C,Thai
PD0483-C,Thai
PD0487-C,Thai
PD0488-C,Thai
PD0490-C,Thai
PD0494-C,Thai
PD0495-C,Thai
PD0496-C,Thai
PD0497-C,Thai
PD0498-C,Thai
PD0500-C,Thai
PD0501-C,Thai
PD0502-C,Thai
PD0503-C,Thai
PD0504-C,Thai
PD0505-C,Thai
PD0506-C,Thai
PD0507-C,Thai
PD0508-C,Thai
PD0509-Cx2,Thai
PD0510-C,Thai
PD0511-C,Thai
PD0512-C,Thai
PD0513-C,Thai
PD0514-C,Thai
PD0515-C_maj,Thai
PD0516-C,Thai
PD0518-C,Thai
PD0520-C,Thai
PD0521-C,Thai
PD0522-C,Thai
PD0523-C,Thai
PD0524-C_maj,Thai
PD0525-C,Thai
PD0527-C,Thai
PD0528-C,Thai
PD0529-C,Thai
PD0530-C,Thai
PD0531-C_maj,Thai
PD0532-C,Thai
PD0533-C,Thai
PD0535-C,Thai
PD0538-C_maj,Thai
PD0539-C,Thai
PD0540-C_maj,Thai
PD0541-C,Thai
PD0543-C,Thai
PD0544-C,Thai
PD0545-C,Thai
PD0546-C,Thai
PD0547-C,Thai
PD0548-C,Thai
PD0549-C,Thai
PD0550-C,Thai
PD0552-C,Thai
PD0553-C,Thai
PD0555-C,Thai
PD0556-C,Thai
PD0557-C_maj,Thai
PD0558-C,Thai
PD0559-C_maj,Thai
PD0561-C,Thai
PD0562-C,Thai
PD0563-C,Thai
PD0564-C,Thai
PD0565-C,Thai
PD0567-C,Thai
PD0569-C,Thai
PD0570-C,Thai
PD0571-C,Thai
PD0572-C,Thai
PD0573-C,Thai
PD0574-C,Thai
PD0575-C,Thai
PD0576-C_maj,Thai
PD0578-C,Thai
PD0579-C,Thai
PD0580-C,Thai
PD0581-C,Thai
PD0582-C,Thai
PD0583-C,Thai
PD0584-C,Thai
PD0585-C_maj,Thai
PD0586-C,Thai
PD0587-C,Thai
PD0589-C,Thai
PD0590-C,Thai
PD0629-C,Thai
PD0632-C,Thai
PD0636-C,Thai
PD0637-C,Thai
PD0651-C,Thai
PD0658-C,Thai
PD0659-C,Thai
PD0660-C,Thai
PD0662-C,Thai
PD0663-C,Thai
PD0664-C,Thai
PD0668-C,Thai
PD0670-C,Thai
PF0008-C_maj,Ghana
PF0020-C_maj,Ghana
PF0022-C_maj,Ghana
PF0035-C,Ghana
PF0037-C_maj,Ghana
PF0041-C_maj,Ghana
PF0042-C_maj,Ghana
PF0043-C_maj,Ghana
PF0047-C,Ghana
PF0052-C_maj,Ghana
PF0058-C,Ghana
PF0062-C,Ghana
PF0066-C_maj,Ghana
PF0073-C_maj,Ghana
PF0074-C_maj,Ghana
PF0079-C_maj,Ghana
PF0092-C_maj,Ghana
PF0098-C_maj,Ghana
PF0099-C,Ghana
PF0100-C_maj,Ghana
PF0105-C_maj,Ghana
PF0106-C_maj,Ghana
PF0107-C_maj,Ghana
PF0108-C_maj,Ghana
PF0115-C_maj,Ghana
PF0117-C_maj,Ghana
PF0119-C_maj,Ghana
PF0121-C_maj,Ghana
PF0122-C_maj,Ghana
PF0136-C,Ghana
PF0137-C_maj,Ghana
PF0142-C_maj,Ghana
PF0143-C_maj,Ghana
PF0145-C,Ghana
PF0148-C_maj,Ghana
PF0151-C_maj,Ghana
PF0152-C_maj,Ghana
PF0156-C_maj,Ghana
PF0157-C_maj,Ghana
PF0158-C_maj,Ghana
PF0159-C_maj,Ghana
PF0161-C_maj,Ghana
PF0162-C_maj,Ghana
PF0164-C_maj,Ghana
PF0168-C_maj,Ghana
PF0172-C_maj,Ghana
PF0175-C_maj,Ghana
PF0176-C_maj,Ghana
PF0178-C_maj,Ghana
PF0180-C,Ghana
PF0184-C_maj,Ghana
PF0185-C,Ghana
PF0188-C,Ghana
PF0190-C_maj,Ghana
PF0193-C_maj,Ghana
PF0197-C,Ghana
PF0203-C_maj,Ghana
PF0204-C_maj,Ghana
PF0205-C_maj,Ghana
PF0206-C_maj,Ghana
PF0207-C_maj,Ghana
PF0211-C_maj,Ghana
PF0213-C_maj,Ghana
PF0214-C_maj,Ghana
PF0221-C,Ghana
PF0222-C_maj,Ghana
PF0225-C_maj,Ghana
PF0231-C_maj,Ghana
PF0232-C,Ghana
PF0235-C_maj,Ghana
PF0239-C_maj,Ghana
PF0240-C_maj,Ghana
PF0245-C_maj,Ghana
PF0246-C_maj,Ghana
PF0248-C_maj,Ghana
PF0254-C,Ghana
PF0255-C_maj,Ghana
PF0259-C_maj,Ghana
PF0260-C,Ghana
PF0261-C,Ghana
PF0263-C_maj,Ghana
PF0266-C_maj,Ghana
PF0267-C_maj,Ghana
PF0269-C,Ghana
PF0276-C_maj,Ghana
PF0278-C,Ghana
PF0279-C_maj,Ghana
PF0282-C_maj,Ghana
PF0285-C_maj,Ghana
PF0286-C_maj,Ghana
PF0287-C,Ghana
PF0288-C_maj,Ghana
PF0290-C_maj,Ghana
PF0298-C,Ghana
PF0299-C_maj,Ghana
PF0301-C_maj,Ghana
PF0304-C_maj,Ghana
PF0309-C_maj,Ghana
PF0310-C_maj,Ghana
PF0314-C_maj,Ghana
PF0323-C_maj,Ghana
PF0326-C,Ghana
PF0328-C_maj,Ghana
PF0329-C_maj,Ghana
PF0330-C,Ghana
PF0332-C_maj,Ghana
PF0334-C_maj,Ghana
PF0337-C_maj,Ghana
PF0339-C_maj,Ghana
PF0341-C_maj,Ghana
PF0344-C_maj,Ghana
PF0347-C_maj,Ghana
PF0366-C,Ghana
PF0369-C,Ghana
PF0370-C_maj,Ghana
PF0371-C_maj,Ghana
PF0372-C_maj,Ghana
PF0393-CW_maj,Ghana
PF0397-C_maj,Ghana
PF0400-C,Ghana
PF0401-C_maj,Ghana
PF0406-C_maj,Ghana
PF0407-C_maj,Ghana
PF0409-C,Ghana
PF0410-CW_maj,Ghana
PF0411-C_maj,Ghana
PF0413-C_maj,Ghana
PF0417-C,Ghana
PF0422-C_maj,Ghana
PF0423-C_maj,Ghana
PF0425-C_maj,Ghana
PF0427-C_maj,Ghana
PF0431-C_maj,Ghana
PF0434-C_maj,Ghana
PF0439-C_maj,Ghana
PF0441-CW_maj,Ghana
PF0446-CW_maj,Ghana
PF0449-C_maj,Ghana
PF0450-C_maj,Ghana
PF0451-C_maj,Ghana
PF0452-C_maj,Ghana
PF0454-C_maj,Ghana
PF0456-C_maj,Ghana
PF0472-C_maj,Ghana
PF0473-C_maj,Ghana
PF0482-C_maj,Ghana
PF0486-C_maj,Ghana
PF0489-C_maj,Ghana
PF0491-C_maj,Ghana
PF0492-C_maj,Ghana
PF0493-C_maj,Ghana
PF0507-C_maj,Ghana
PF0512-C_maj,Ghana
PF0513-C_maj,Ghana
PF0515-C_maj,Ghana
PF0519-C_maj,Ghana
PF0525-C_maj,Ghana
PF0531-C_maj,Ghana
PF0542-C_maj,Ghana
PF0554-C_maj,Ghana
PF0554-Cx_maj,Ghana
PF0556-C_maj,Ghana
PF0556-Cx_maj,Ghana
PF0559-C_maj,Ghana
PF0559-Cx_maj,Ghana
PF0560-C_maj,Ghana
PF0560-Cx_maj,Ghana
PF0578-C_maj,Ghana
PF0578-Cx_maj,Ghana
PF0584-C_maj,Ghana
PF0584-Cx_maj,Ghana
PF0590-C_maj,Ghana
PF0590-Cx_maj,Ghana
PF0596-C_maj,Ghana
PF0597-C_maj,Ghana
PF0599-C_maj,Ghana
PF0604-C_maj,Ghana
PF0606-C_maj,Ghana
PF0608-C_maj,Ghana
PF0610-C_maj,Ghana
PF0612-C_maj,Ghana
PF0614-C_maj,Ghana
PF0617-C_maj,Ghana
PF0625-C_maj,Ghana
PF0632-C_maj,Ghana
PF0633-C_maj,Ghana
PF0635-C_maj,Ghana
PF0638-C_maj,Ghana
PF0655-C_maj,Ghana
PF0661-C_maj,Ghana
PF0663-C_maj,Ghana
PF0666-C_maj,Ghana
PF0668-C_maj,Ghana
PF0670-C_maj,Ghana
PF0674-C_maj,Ghana
PF0676-C_maj,Ghana
PF0678-C_maj,Ghana
PF0680-C_maj,Ghana
PF0685-C_maj,Ghana
PF0686-C_maj,Ghana
PF0689-C_maj,Ghana
PF0691-C_maj,Ghana
PF0694-C_maj,Ghana
PF0696-C_maj,Ghana
PF0697-C_maj,Ghana
PF0701-C_maj,Ghana
PF0704-C_maj,Ghana
PF0706-C_maj,Ghana
PF0707-C_maj,Ghana
PF0712-C_maj,Ghana
PF0715-C_maj,Ghana
PF0722-C_maj,Ghana
PF0725-C_maj,Ghana
PF0728-C_maj,Ghana
PF0729-C_maj,Ghana
PF0730-C_maj,Ghana
PF0733-C_maj,Ghana
PF0737-C_maj,Ghana
PF0738-C_maj,Ghana
PF0742-C_maj,Ghana
PF0747-C_maj,Ghana
PF0748-C_maj,Ghana
PF0754-C_maj,Ghana
PF0759-C_maj,Ghana
PF0761-C_maj,Ghana
PF0763-C_maj,Ghana
PF0767-C_maj,Ghana
PF0768-C_maj,Ghana
PF0769-C_maj,Ghana
PF0773-C_maj,Ghana
PF0778-C_maj,Ghana
PF0780-C_maj,Ghana
PF0782-C_maj,Ghana
PF0783-C_maj,Ghana
PF0785-C_maj,Ghana
PF0786-C_maj,Ghana
PF0789-C_maj,Ghana
PF0798-C_maj,Ghana
PF0802-C_maj,Ghana
PF0803-C_maj,Ghana
PF0809-C_maj,Ghana
PF0811-C_maj,Ghana
PF0816-C_maj,Ghana
PF0817-C_maj,Ghana
PF0818-C_maj,Ghana
PF0820-C_maj,Ghana
PF0822-C_maj,Ghana
PF0823-C_maj,Ghana
PH0047-Cx,Cambodia
PH0051-Cx,Cambodia
PH0052-C_maj,Cambodia
PH0055-C,Cambodia
PH0057-C,Cambodia
PH0059-C,Cambodia
PH0060-C_maj,Cambodia
PH0064-C,Cambodia
PH0157-C,Cambodia
PH0161-C,Cambodia
PH0163-C,Cambodia
PH0164-C,Cambodia
PH0165-C,Cambodia
PH0167-C,Cambodia
PH0169-C,Cambodia
PH0171-C,Cambodia
PH0172-C,Cambodia
PH0173-C,Cambodia
PH0191-C,Cambodia
PH0192-C,Cambodia
PH0193-C,Cambodia
PH0194-C,Cambodia
PH0197-C,Cambodia
PH0198-C,Cambodia
PH0199-C,Cambodia
PH0200-C,Cambodia
PH0201-C,Cambodia
PH0203-C,Cambodia
PH0206-C,Cambodia
PH0207-C,Cambodia
PH0208-C,Cambodia
PH0209-C,Cambodia
PH0210-C,Cambodia
PH0212-C,Cambodia
PH0213-C,Cambodia
PH0238-C,Cambodia
PH0239-C,Cambodia
PH0240-C,Cambodia
PH0241-C,Cambodia
PH0243-C,Cambodia
PH0244-C,Cambodia
PH0245-C,Cambodia
PH0246-C,Cambodia
PH0247-C,Cambodia
PH0248-C,Cambodia
PH0249-C,Cambodia
PH0250-C_maj,Cambodia
PH0251-C,Cambodia
PH0252-C_maj,Cambodia
PH0253-C,Cambodia
PH0274-C_maj,Cambodia
PH0283-C,Cambodia
PH0284-C,Cambodia
PH0285-C_maj,Cambodia
PH0294-C,Cambodia
PH0297-C,Cambodia
PH0300-C,Cambodia
PH0303-CW,Cambodia
PH0304-C_maj,Cambodia
PH0305-C,Cambodia
PH0306-C,Cambodia
PH0307-C,Cambodia
PH0308-CW,Cambodia
PH0321-C,Cambodia
PH0322-C,Cambodia
PH0324-C_maj,Cambodia
PH0325-C,Cambodia
PH0326-C,Cambodia
PH0327-C,Cambodia
PH0328-C_maj,Cambodia
PH0329-C,Cambodia
PH0335-C,Cambodia
PH0336-C_maj,Cambodia
PH0337-C,Cambodia
PH0338-C,Cambodia
PH0339-C,Cambodia
PH0342-C,Cambodia
PH0343-C,Cambodia
PH0344-C,Cambodia
PH0346-C,Cambodia
PH0347-C,Cambodia
PH0348-C,Cambodia
PH0349-C,Cambodia
PH0350-C,Cambodia
PH0351-C_maj,Cambodia
PH0352-C,Cambodia
PH0353-C,Cambodia
PH0354-C,Cambodia
PH0355-C,Cambodia
PH0356-C,Cambodia
PH0357-C_maj,Cambodia
PH0358-C,Cambodia
PH0359-C,Cambodia
PH0360-C,Cambodia
PH0361-C,Cambodia
PH0362-C,Cambodia
PH0363-C,Cambodia
PH0364-C,Cambodia
PH0367-C,Cambodia
PH0370-C,Cambodia
PH0372-C_maj,Cambodia
PH0373-C,Cambodia
PH0374-C,Cambodia
PH0375-C,Cambodia
PH0377-C,Cambodia
PH0378-C_maj,Cambodia
PH0381-C,Cambodia
PH0382-C,Cambodia
PH0453-C_maj,Cambodia
PH0454-C_maj,Cambodia
PH0456-C,Cambodia
PH0457-CW,Cambodia
PH0458-CW,Cambodia
PH0460-C,Cambodia
PH0462-C,Cambodia
PH0463-C,Cambodia
PH0464-CW,Cambodia
PH0466-C,Cambodia
PH0467-CW,Cambodia
PH0468-C,Cambodia
PH0469-CW_maj,Cambodia
PH0470-C,Cambodia
PH0471-C_maj,Cambodia
PH0473-C,Cambodia
PH0474-CW,Cambodia
PH0475-C_maj,Cambodia
PH0477-C,Cambodia
PH0479-CW_maj,Cambodia
PH0480-C_maj,Cambodia
PH0481-C,Cambodia
PH0482-C,Cambodia
PH0483-CW,Cambodia
PH0484-C,Cambodia
PH0485-C,Cambodia
PH0486-C,Cambodia
PH0487-C_maj,Cambodia
PH0488-C,Cambodia
PH0489-C,Cambodia
PH0490-C,Cambodia
PH0494-CW,Cambodia
PH0495-CW,Cambodia
PH0496-CW,Cambodia
PH0497-CW,Cambodia
PH0498-CW,Cambodia
PH0499-CW,Cambodia
PH0500-CW,Cambodia
PH0501-CW,Cambodia
PH0502-C,Cambodia
PH0506-C,Cambodia
PH0507-C,Cambodia
PH0508-C,Cambodia
PH0513-C,Cambodia
PH0514-C_maj,Cambodia
PH0516-C,Cambodia
PH0517-C,Cambodia
PH0518-C,Cambodia
PH0519-C,Cambodia
PH0520-C,Cambodia
PH0521-C,Cambodia
PH0522-C,Cambodia
PH0523-C,Cambodia
PH0524-C,Cambodia
PH0525-C,Cambodia
PH0526-C,Cambodia
PH0527-C,Cambodia
PH0528-C,Cambodia
PH0529-C,Cambodia
PH0530-C,Cambodia
PH0531-C,Cambodia
PH0532-C,Cambodia
PH0533-C,Cambodia
PH0534-C,Cambodia
PH0537-C,Cambodia
PH0538-C,Cambodia
PH0539-C,Cambodia
PH0540-C,Cambodia
PH0541-C_maj,Cambodia
PH0542-C,Cambodia
PH0544-C,Cambodia
PH0551-C,Cambodia
PH0552-C,Cambodia
PH0553-C,Cambodia
PH0554-C,Cambodia
PH0555-C,Cambodia
PH0556-C,Cambodia
PH0557-C_maj,Cambodia
PH0558-C,Cambodia
PH0559-C,Cambodia
PH0560-C,Cambodia
PH0561-C_maj,Cambodia
PH0562-C,Cambodia
PH0563-C,Cambodia
PH0564-C_maj,Cambodia
PH0565-C,Cambodia
PH0566-C_maj,Cambodia
PH0568-C_maj,Cambodia
PH0569-C,Cambodia
PH0570-C,Cambodia
PH0571-C,Cambodia
PH0573-C_maj,Cambodia
PH0574-C_maj,Cambodia
PH0576-C,Cambodia
PH0578-C,Cambodia
PH0579-C_maj,Cambodia
PH0580-C_maj,Cambodia
PH0582-C,Cambodia
PH0584-C,Cambodia
PH0585-C,Cambodia
PH0586-C,Cambodia
PH0587-C,Cambodia
PH0589-C,Cambodia
PH0591-C,Cambodia
PH0592-C_maj,Cambodia
PH0593-C,Cambodia
PH0596-C,Cambodia
PH0597-C,Cambodia
PH0598-C,Cambodia
PH0599-C,Cambodia
PH0600-C,Cambodia
PH0601-C,Cambodia
PH0602-C,Cambodia
PH0604-C,Cambodia
PH0605-C,Cambodia
PH0609-C,Cambodia
PH0610-C,Cambodia
PH0617-C,Cambodia
PH0619-C,Cambodia
PH0621-C,Cambodia
PH0623-C,Cambodia
PH0624-C,Cambodia
PH0625-C,Cambodia
PH0626-C,Cambodia
PH0630-C,Cambodia
PH0631-C_maj,Cambodia
PH0632-C,Cambodia
PH0633-C,Cambodia
PH0634-C_maj,Cambodia
PH0636-C,Cambodia
PH0638-C,Cambodia
PH0639-C,Cambodia
PH0640-C,Cambodia
PH0641-C_maj,Cambodia
PH0643-C_maj,Cambodia
PH0644-C_maj,Cambodia
PH0647-C,Cambodia
PH0648-C_maj,Cambodia
PH0650-C,Cambodia
PH0676-C,Cambodia
PH0677-C,Cambodia
PH0678-C,Cambodia
PH0679-C,Cambodia
PH0680-C,Cambodia
PH0682-C,Cambodia
PH0685-C,Cambodia
PH0686-C,Cambodia
PH0687-C,Cambodia
PH0692-C,Cambodia
PH0694-C_maj,Cambodia
PH0695-C,Cambodia
PH0696-C,Cambodia
PH0697-C,Cambodia
PH0700-C_maj,Cambodia
PH0701-C,Cambodia
PH0702-C,Cambodia
PH0703-C,Cambodia
PH0705-C_maj,Cambodia
PH0708-C_maj,Cambodia
PH0709-C,Cambodia
PH0712-C_maj,Cambodia
PH0715-C_maj,Cambodia
PH0716-C,Cambodia
PH0717-C_maj,Cambodia
PH0718-C_maj,Cambodia
PH0719-C,Cambodia
PH0722-C,Cambodia
PH0723-C,Cambodia
PH0728-C,Cambodia
PH0729-C_maj,Cambodia
PH0731-C,Cambodia
PH0732-C,Cambodia
PH0737-C_maj,Cambodia
PH0738-C,Cambodia
PH0739-C,Cambodia
PH0743-C,Cambodia
PH0746-C,Cambodia
PH0752-C,Cambodia
PH0753-Cx,Cambodia
PH0754-C,Cambodia
PH0755-C,Cambodia
PH0757-C,Cambodia
PH0758-C,Cambodia
PH0759-C,Cambodia
PH0760-C_maj,Cambodia
PH0761-C,Cambodia
PH0762-Cx,Cambodia
PH0765-C,Cambodia
PH0770-C,Cambodia
PH0772-C,Cambodia
PH0773-Cx,Cambodia
PH0774-C_maj,Cambodia
PH0775-Cx,Cambodia
PH0776-C,Cambodia
PH0778-C,Cambodia
PH0779-Cx_maj,Cambodia
PH0780-C,Cambodia
PH0783-C,Cambodia
PH0784-C_maj,Cambodia
PH0785-Cx,Cambodia
PH0786-Cx_maj,Cambodia
PH0788-C,Cambodia
PH0789-C,Cambodia
PH0790-C,Cambodia
PH0794-C,Cambodia
PH0795-C,Cambodia
PH0797-C,Cambodia
PH0801-C,Cambodia
PH0805-C,Cambodia
PH0807-C,Cambodia
PH0810-C,Cambodia
PH0811-C_maj,Cambodia
PH0813-C,Cambodia
PH0817-C_maj,Cambodia
PH0818-C,Cambodia
PH0819-C,Cambodia
PH0820-C,Cambodia
PH0822-C,Cambodia
PH0823-C,Cambodia
PH0825-C,Cambodia
PH0826-C,Cambodia
PH0828-C,Cambodia
PH0829-C_maj,Cambodia
PH0830-C,Cambodia
PH0831-C,Cambodia
PH0832-C,Cambodia
PH0833-C,Cambodia
PH0834-C,Cambodia
PH0835-C,Cambodia
PH0836-C_maj,Cambodia
PH0837-C,Cambodia
PH0838-C_maj,Cambodia
PH0839-C,Cambodia
PH0840-C,Cambodia
PH0841-C_maj,Cambodia
PH0842-C_maj,Cambodia
PH0843-C,Cambodia
PH0844-C,Cambodia
PH0845-C_maj,Cambodia
PH0846-C,Cambodia
PH0847-C,Cambodia
PH0848-C,Cambodia
PH0850-C_maj,Cambodia
PH0851-C,Cambodia
PH0852-C,Cambodia
PH0853-C,Cambodia
PH0854-C,Cambodia
PH0855-C,Cambodia
PH0856-C,Cambodia
PH0858-C,Cambodia
PH0860-Cx,Cambodia
PH0865-C,Cambodia
PH0866-C,Cambodia
PH0870-C_maj,Cambodia
PH0871-C,Cambodia
PH0872-C,Cambodia
PH0874-Cx,Cambodia
PH0875-C,Cambodia
PH0876-C_maj,Cambodia
PH0877-C,Cambodia
PH0878-C,Cambodia
PH0879-C,Cambodia
PH0880-C,Cambodia
PH0885-Cx,Cambodia
PH0886-C,Cambodia
PH0887-C,Cambodia
PH0888-C,Cambodia
PH0889-C,Cambodia
PH0890-C,Cambodia
PH0891-Cx,Cambodia
PH0893-C,Cambodia
PH0894-C,Cambodia
PH0895-C,Cambodia
PH0896-C,Cambodia
PH0898-C_maj,Cambodia
PH0899-C,Cambodia
PH0900-C,Cambodia
PH0901-C_maj,Cambodia
PH0902-C,Cambodia
PH0904-C,Cambodia
PH0905-C_maj,Cambodia
PH0907-C,Cambodia
PH0908-C,Cambodia
PH0909-C,Cambodia
PH0910-C,Cambodia
PH0912-C,Cambodia
PH0915-C,Cambodia
PH0916-C_maj,Cambodia
PH0920-Cx,Cambodia
PH0924-C,Cambodia
PH0925-C,Cambodia
PH0926-C,Cambodia
PH0927-C,Cambodia
PH0928-C,Cambodia
PH0929-C,Cambodia
PH0931-C,Cambodia
PH0932-C_maj,Cambodia
PH0933-C,Cambodia
PH0935-C_maj,Cambodia
PH0936-C,Cambodia
PH0937-C,Cambodia
PH0939-C,Cambodia
PH0976-C_maj,Cambodia
PH0979-C,Cambodia
PH0980-C,Cambodia
PH0981-C,Cambodia
PH0982-C,Cambodia
PH0983-C,Cambodia
PH0984-C,Cambodia
PH0985-C,Cambodia
PH0986-C,Cambodia
PH0987-C,Cambodia
PH0989-C,Cambodia
PH0990-C,Cambodia
PH0991-C,Cambodia
PH0994-C,Cambodia
PH0996-C,Cambodia
PH0997-C,Cambodia
PH0999-C,Cambodia
PH1000-C,Cambodia
PH1001-C,Cambodia
PH1002-C,Cambodia
PH1003-C,Cambodia
PH1136-C,Cambodia
PH1137-C_maj,Cambodia
PM0003-C_maj,Mali
PM0004-C,Mali
PM0017-C,Mali
PM0020-C,Mali
PM0021-C,Mali
PM0023-C_maj,Mali
PM0042-C,Mali
PM0047-C,Mali
PM0048-C,Mali
PM0049-C,Mali
PM0062-C,Mali
PM0068-C,Mali
PM0071-C,Mali
PM0074-C,Mali
PM0086-C,Mali
PM0090-C,Mali
PM0096-C,Mali
PM0097-C,Mali
PM0098-C,Mali
PM0113-C,Mali
PM0114-C,Mali
PM0115-C,Mali
PM0117-C,Mali
PM0124-C,Mali
PM0127-C,Mali
PM0129-C,Mali
PM0132-C,Mali
PM0133-C,Mali
PM0136-C,Mali
PM0142-C,Mali
PM0145-C,Mali
PM0146-C,Mali
PM0153-C_maj,Mali
PM0156-C,Mali
PM0157-C,Mali
PM0160-C,Mali
PN0004_C,PNG
PN0006_C,PNG
PN0010_C,PNG
PN0011_C,PNG
PN0012_C_maj,PNG
PN0014_C,PNG
PN0015_C,PNG
PN0022_C,PNG
PN0023_C,PNG
PN0025_C,PNG
PN0031_C,PNG
PN0032_C_maj,PNG
PN0037_C,PNG
PN0043_C_maj,PNG
PN0055_C,PNG
PN0055_Cx,PNG
PN0056_C,PNG
PN0057_C,PNG
PN0058_Cx,PNG
PN0059_C,PNG
PN0063_C,PNG
PN0073_C,PNG
PN0074_C,PNG
PN0077_C_maj,PNG
PN0078_C,PNG
PN0079_C,PNG
PN0082_C,PNG
PN0084_C,PNG
PN0085_C,PNG
PN0086_C,PNG
PN0087_C,PNG
PN0090_C,PNG
PN0097_C,PNG
PN0098_C,PNG
PN0099_C,PNG
PN0101_C,PNG
PN0102_C,PNG
PN0103_C,PNG
PN0104_C,PNG
PN0105_C,PNG
PN0107_C,PNG
PN0108_C,PNG
PN0109_C_maj,PNG
PN0110_C,PNG
PN0111_C,PNG
PN0113_C,PNG
PN0114_C,PNG
PN0115_C,PNG
PN0116_C,PNG
PN0120_C,PNG
PN0121_C,PNG
PN0122_C,PNG
PN0124_C,PNG
PN0125_C_maj,PNG
PN0126_C,PNG
PN0127_C_maj,PNG
PN0129_C,PNG
PN0130_C,PNG
PN0134_C,PNG
PN0135_C,PNG
PN0138_C,PNG
PN0140_C,PNG
PN0141_C,PNG
PN0143_C,PNG
PN0145_C,PNG
PN0148_C,PNG
PN0149_C,PNG
PN0150_C_maj,PNG
PN0151_C,PNG
PN0153_C,PNG
PN0155_C,PNG
PN0156_C,PNG
PN0159_C,PNG
PN0160_C,PNG
PN0161_C,PNG
PN0162_C_maj,PNG
PN0163_C,PNG
PN0164_C,PNG
PN0166_C,PNG
PN0167_C_maj,PNG
PN0168_C,PNG
PN0169_C,PNG
PN0171_C,PNG
PN0172_C,PNG
PN0173_C,PNG
PN0176_C,PNG
PN0177_C,PNG
PN0178_C,PNG
PN0179_C,PNG
PN0180_C,PNG
PN0181_C,PNG
PN0182_C,PNG
PN0184_C,PNG
PN0186_C,PNG
PN0187_C,PNG
PN0190_C,PNG
PN0191_C,PNG
PN0192_C,PNG
PNG_DRS015A,PNG
PNG_DRS034,PNG
PNG_XIA508,PNG
PNG_XPA028_maj,PNG
PNG_XUA001,PNG
PNG_XUA011,PNG
PNG_XUA012,PNG
PNG_XUA020,PNG
PNG_XUA030,PNG
PNG_XUB001,PNG
PNG_XUC006,PNG
PNG_XUC009,PNG
PNG_XUC021,PNG
PNG_XUC022,PNG
PR0114-C,Bangladesh 
PR0115-C_maj,Bangladesh 
PR0117-C,Bangladesh 
PR0118-C,Bangladesh 
PR0120-C_maj,Bangladesh 
PR0125-C_maj,Bangladesh 
PR0126-C,Bangladesh 
PR0128-C_maj,Bangladesh 
PR0130-C,Bangladesh 
PR0131-C_maj,Bangladesh 
PR0132-C_maj,Bangladesh 
PR0138-C_maj,Bangladesh 
PR0141-C_maj,Bangladesh 
PR0145-C,Bangladesh 
PR0148-C_maj,Bangladesh 
PR0153-C_maj,Bangladesh 
PR0154-C,Bangladesh 
PR0155-C,Bangladesh 
PR0156-C_maj,Bangladesh 
PR0157-C_maj,Bangladesh 
PR0158-C_maj,Bangladesh 
PR0159-C,Bangladesh 
PR0160-C_maj,Bangladesh 
PR0163-C,Bangladesh 
PR0164-C,Bangladesh 
PR0166-C_maj,Bangladesh 
PT0002-CW_maj,Malawi
PT0007-CW_maj,Malawi
PT0008-CW_maj,Malawi
PT0009-CW_maj,Malawi
PT0014-CW_maj,Malawi
PT0018-CW_maj,Malawi
PT0021-CW_maj,Malawi
PT0023-CW_maj,Malawi
PT0027-C_maj,Malawi
PT0031-C_maj,Malawi
PT0032-C_maj,Malawi
PT0034-C_maj,Malawi
PT0035-C_maj,Malawi
PT0040-C_maj,Malawi
PT0041-C_maj,Malawi
PT0042-C_maj,Malawi
PT0048-C_maj,Malawi
PT0052-C_maj,Malawi
PT0058-C_maj,Malawi
PT0059-C_maj,Malawi
PT0060-C_maj,Malawi
PT0063-C_maj,Malawi
PT0066-C_maj,Malawi
PT0068-C_maj,Malawi
PT0070-C_maj,Malawi
PT0073-C_maj,Malawi
PT0079-C_maj,Malawi
PT0080-C_maj,Malawi
PT0084-C_maj,Malawi
PT0086-C_maj,Malawi
PT0088-C_maj,Malawi
PT0095-C_maj,Malawi
PT0098-C_maj,Malawi
PT0101-C_maj,Malawi
PT0105-C_maj,Malawi
PT0106-C_maj,Malawi
PT0109-C_maj,Malawi
PT0118-C_maj,Malawi
PT0120-C,Malawi
PT0126-C_maj,Malawi
PT0129-C_maj,Malawi
PT0131-C_maj,Malawi
PT0133-C_maj,Malawi
PT0134-C_maj,Malawi
PT0135-C_maj,Malawi
PT0137-C_maj,Malawi
PT0145-C_maj,Malawi
PT0146-C_maj,Malawi
PT0149-C_maj,Malawi
PT0156-C_maj,Malawi
PT0158-C,Malawi
PT0165-C,Malawi
PT0166-C_maj,Malawi
PT0168-C_maj,Malawi
PT0169-C_maj,Malawi
PT0170-C_maj,Malawi
PT0173-C_maj,Malawi
PT0174-C,Malawi
PT0176-C_maj,Malawi
PT0177-C_maj,Malawi
PT0178-C_maj,Malawi
PT0181-C_maj,Malawi
PT0183-C_maj,Malawi
PT0184-C_maj,Malawi
PT0187-C_maj,Malawi
PT0187-Cx_maj,Malawi
PT0189-C_maj,Malawi
PT0189-Cx_maj,Malawi
PT0195-C_maj,Malawi
PT0195-Cx_maj,Malawi
PT0197-C_maj,Malawi
PT0197-Cx_maj,Malawi
PT0199-C_maj,Malawi
PT0199-Cx_maj,Malawi
PT0200-C_maj,Malawi
PT0200-Cx_maj,Malawi
PT0204-C_maj,Malawi
PT0204-Cx_maj,Malawi
PT0206-C_maj,Malawi
PT0206-Cx_maj,Malawi
PT0213-C_maj,Malawi
PT0213-Cx_maj,Malawi
PT0214-C_maj,Malawi
PT0214-Cx_maj,Malawi
PT0215-C,Malawi
PT0215-Cx_maj,Malawi
PT0217-C_maj,Malawi
PT0217-Cx_maj,Malawi
PT0218-C_maj,Malawi
PT0218-Cx_maj,Malawi
PT0219-C,Malawi
PT0219-Cx,Malawi
PT0220-C_maj,Malawi
PT0220-Cx_maj,Malawi
PT0222-C,Malawi
PT0222-Cx,Malawi
PT0224-C_maj,Malawi
PT0224-Cx,Malawi
PT0225-C_maj,Malawi
PT0225-Cx,Malawi
PT0226-C_maj,Malawi
PT0226-Cx_maj,Malawi
PT0230-C_maj,Malawi
PT0230-Cx_maj,Malawi
PT0234-C,Malawi
PT0234-Cx_maj,Malawi
PT0240-C_maj,Malawi
PT0240-Cx,Malawi
PT0242-C_maj,Malawi
PT0242-Cx_maj,Malawi
PT0248-C_maj,Malawi
PT0248-Cx_maj,Malawi
PT0253-C_maj,Malawi
PT0253-Cx_maj,Malawi
PT0255-C_maj,Malawi
PT0255-Cx_maj,Malawi
PT0256-C_maj,Malawi
PT0256-Cx_maj,Malawi
PT0258-C_maj,Malawi
PT0258-Cx_maj,Malawi
PT0261-C_maj,Malawi
PT0261-Cx_maj,Malawi
PT0262-C,Malawi
PT0262-Cx,Malawi
PT0263-C_maj,Malawi
PT0263-Cx,Malawi
PT0264-C_maj,Malawi
PT0264-Cx_maj,Malawi
PT0269-C_maj,Malawi
PT0270-C_maj,Malawi
PT0270-Cx,Malawi
PT0281-C_maj,Malawi
PT0286-C_maj,Malawi
PT0287-C_maj,Malawi
PT0291-C_maj,Malawi
PT0291-Cx_maj,Malawi
PT0294-C_maj,Malawi
PT0294-Cx_maj,Malawi
PT0302-C_maj,Malawi
PT0302-Cx_maj,Malawi
PT0303-C_maj,Malawi
PT0303-Cx_maj,Malawi
PV0243-Cx2_maj,Viet
PV0245-Cx2,Viet
PV0246-C,Viet
PV0247-Cx2,Viet
PV0249-Cx,Viet
PV0251-C,Viet
PV0253-C_maj,Viet
PV0254-C,Viet
PV0258-C_maj,Viet
PV0259-C,Viet
PV0261-C,Viet
PV0262-C,Viet
PV0265-C,Viet
PV0266-C_maj,Viet
PV0267-C,Viet
PV0269-C,Viet
PV0270-C,Viet
PV0271-C_maj,Viet
PV0272-C,Viet
PV0273-C_maj,Viet
PV0274-C,Viet
PV0277-C,Viet
PV0278-C,Viet
PV0279-C,Viet
PV0280-C,Viet
PV0282-C,Viet
PV0283-C,Viet
PV0284-C,Viet
PV0285-C,Viet
PV0286-C,Viet
PV0287-C,Viet
PV0288-C,Viet
PV0289-C,Viet
PV0290-C_maj,Viet
PV0291-C_maj,Viet
PV0292-C,Viet
PV0295-C_maj,Viet
PV0296-C,Viet
PV0297-C,Viet
PV0298-C,Viet
PV0299-C,Viet
PV0300-C_maj,Viet
PV0301-C,Viet
PV0302-C,Viet
PV0304-C,Viet
PV0305-C,Viet
PV0306-C,Viet
PV0308-Cx,Viet
PV0309-C,Viet
PV0310-C,Viet
PV0311-C,Viet
PV0312-C,Viet
PV0313-C,Viet
PV0314-C,Viet
PV0315-Cx,Viet
PV0317-C,Viet
PV0318-C,Viet
PV0319-C,Viet
PV0320-C,Viet
PV0321-C,Viet
PV0322-C_maj,Viet
PV0324-C,Viet
PV0325-C,Viet
PV0326-C,Viet
PV0328-C,Viet
PV0329-C,Viet
PV0330-C,Viet
PV0331-Cx,Viet
PV0333-C_maj,Viet
PV0335-C_maj,Viet
PV0336-C_maj,Viet
PV0339-C,Viet
PV0340-C,Viet
PV0343-C,Viet
PV0344-C,Viet
PV0345-C,Viet
PV0347-C,Viet
PV0355-C,Viet
PV0358-C_maj,Viet
QC0165-C,Myanmar 
QC0166-C,Myanmar 
QC0168-C,Myanmar 
QC0169-C_maj,Myanmar 
QC0170-C,Myanmar 
QC0171-C,Myanmar 
QC0172-C,Myanmar 
QC0173-C,Myanmar 
QC0175-C,Myanmar 
QC0176-C,Myanmar 
QC0177-C,Myanmar 
QC0178-C,Myanmar 
QC0180-C,Myanmar 
QC0182-C,Myanmar 
QC0183-C,Myanmar 
QC0184-C,Myanmar 
QC0185-C,Myanmar 
QC0187-C,Myanmar 
QC0188-C,Myanmar 
QC0189-C,Myanmar 
QC0193-C,Myanmar 
QC0194-C_maj,Myanmar 
QC0195-C,Myanmar 
QC0196-C,Myanmar 
QC0198-C,Myanmar 
QC0201-C,Myanmar 
QC0204-C,Myanmar 
QC0205-C,Myanmar 
QC0206-C,Myanmar 
QC0207-C,Myanmar 
QC0209-C_maj,Myanmar 
QC0210-C_maj,Myanmar 
QC0211-C,Myanmar 
QC0213-C,Myanmar 
QC0214-C,Myanmar 
QC0215-C,Myanmar 
QC0219-C,Myanmar 
QC0220-C,Myanmar 
QC0221-C,Myanmar 
QC0222-C,Myanmar 
QC0223-C,Myanmar 
QC0225-C,Myanmar 
QC0227-C,Myanmar 
QC0228-C,Myanmar 
QC0230-C,Myanmar 
QC0231-C,Myanmar 
QC0232-C,Myanmar 
QC0235-C,Myanmar 
QC0239-C,Myanmar 
QC0242-C,Myanmar 
QE0392-C_maj,Laos 
QE0393-Cx,Laos 
QE0395-C,Laos 
QE0397-C,Laos 
QE0398-C,Laos 
QE0399-C_maj,Laos 
QE0400-C,Laos 
QE0401-C,Laos 
QE0403-Cx,Laos 
QE0404-C,Laos 
QE0405-Cx,Laos 
QE0409-C_maj,Laos 
QE0414-C,Laos 
QE0415-C_maj,Laos 
QE0417-C_maj,Laos 
QE0418-C,Laos 
QE0419-C,Laos 
QE0423-C,Laos 
QE0424-C_maj,Laos 
QE0426-C,Laos 
QE0429-C,Laos 
QE0430-C,Laos 
QE0431-C,Laos 
QE0432-C,Laos 
QE0433-C,Laos 
QE0434-C,Laos 
QE0436-C,Laos 
QE0437-C,Laos 
QE0438-C,Laos 
QE0440-C,Laos 
QE0443-C,Laos 
QE0444-C,Laos 
QE0447-C_maj,Laos 
QE0448-C,Laos 
QE0449-C,Laos 
QE0451-C,Laos 
QE0452-C_maj,Laos 
QE0454-C,Laos 
QE0455-C,Laos 
QE0456-C,Laos 
QE0457-C,Laos 
QE0458-C,Laos 
QE0459-C,Laos 
QE0460-C,Laos 
QE0461-C,Laos 
QE0463-C,Laos 
QE0464-C,Laos 
QE0465-C,Laos 
QE0466-C_maj,Laos 
QE0468-C,Laos 
QE0469-C_maj,Laos 
QE0470-C_maj,Laos 
QE0471-C,Laos 
QE0472-C_maj,Laos 
QE0474-C,Laos 
QE0475-C,Laos 
QE0476-C_maj,Laos 
QE0478-C,Laos 
QG0184-C,DRC
QG0186-C,DRC
QG0190-C_maj,DRC
QG0195-C,DRC
QG0196-C_maj,DRC
QG0200-C,DRC
QG0201-C,DRC
QG0202-C,DRC
QG0204-C_maj,DRC
QG0205-C,DRC
QG0209-C,DRC
QG0210-C,DRC
QG0211-C,DRC
QG0215-C_maj,DRC
QG0216-C,DRC
QG0218-C_maj,DRC
QG0225-C,DRC
QG0228-C,DRC
QG0233-C_maj,DRC
QG0236-C_maj,DRC
QG0239-C,DRC
QG0241-C_maj,DRC
QG0243-C,DRC
QG0245-C,DRC
QG0246-C_maj,DRC
QG0247-C,DRC
QG0249-C,DRC
QG0250-C,DRC
QG0252-C,DRC
QG0255-C,DRC
QG0256-C,DRC
QG0257-C,DRC
QG0258-C,DRC
QG0262-C_maj,DRC
QG0263-C_maj,DRC
QG0265-C,DRC
QG0269-C,DRC
QG0270-C_maj,DRC
QG0275-C,DRC
QG0276-C_maj,DRC
QG0277-C,DRC
QG0281-C,DRC
QG0282-C,DRC
QG0286-C,DRC
QG0287-C,DRC
QG0291-C,DRC
QG0292-C,DRC
QG0295-C,DRC
QG0296-C,DRC
QG0298-C_maj,DRC
QG0299-C,DRC
QG0300-C_maj,DRC
QJ0001-C,Nigeria
QJ0002-C_maj,Nigeria
QJ0003-C,Nigeria
QJ0005-C,Nigeria
SenP005-02,Senegal 
SenP011-02,Senegal 
SenP019-04,Senegal 
SenP027-02,Senegal 
SenP031-01,Senegal 
SenP051-02,Senegal 
SenT002-09,Senegal 
SenT021-09,Senegal 
SenT024-10,Senegal 
SenT025-10,Senegal 
SenT026-10_maj,Senegal 
SenT029-09,Senegal 
SenT032-09,Senegal 
SenT033-09,Senegal 
SenT036-10,Senegal 
SenT045-10_maj,Senegal 
SenT058-10,Senegal 
SenT074-10,Senegal 
SenT081-10,Senegal 
SenT086-09,Senegal 
SenT087-09_maj,Senegal 
SenT090-09_maj,Senegal 
SenT105-07,Senegal 
SenT111-09_maj,Senegal 
SenT112-09,Senegal 
SenT113-09,Senegal 
SenT123-09,Senegal 
SenT127-09,Senegal 
SenT128-09,Senegal 
SenT130-09,Senegal 
SenT135-09,Senegal 
SenT136-09,Senegal 
SenT151-09,Senegal 
SenT165-09,Senegal 
SenT166-09,Senegal 
SenT230-08,Senegal 
SenT231-08,Senegal 
SenT232-08,Senegal 
SenV034-04,Senegal 
SenV035-04,Senegal 
SenV042-05,Senegal 
SenV092-05,Senegal 
SenV092-05,Senegal 